{
	"textures": {
		"1": "championsashes:item/dragonslayer_greatbow_standby"
	},
	"elements": [
		{
			"from": [
				8.235199999999999,
				-15.863999999999997,
				2.3962900000000076
			],
			"to": [
				8.235199999999999,
				6.136000000000003,
				24.396290000000004
			],
			"rotation": {
				"angle": 45,
				"axis": "x",
				"origin": [
					8.610199999999999,
					8.136000000000003,
					26.396290000000004
				]
			},
			"faces": {
				"north": {
					"uv": [
						0,
						0,
						0,
						0
					],
					"rotation": 180,
					"texture": "#1"
				},
				"east": {
					"uv": [
						16,
						0,
						0,
						16
					],
					"rotation": 180,
					"texture": "#1"
				},
				"south": {
					"uv": [
						0,
						0,
						0,
						0
					],
					"rotation": 180,
					"texture": "#1"
				},
				"west": {
					"uv": [
						0,
						0,
						16,
						16
					],
					"rotation": 180,
					"texture": "#1"
				},
				"up": {
					"uv": [
						0,
						0,
						0,
						0.10938
					],
					"rotation": 180,
					"texture": "#1"
				},
				"down": {
					"uv": [
						0,
						0,
						0,
						0
					],
					"rotation": 180,
					"texture": "#1"
				}
			}
		},
		{
			"from": [
				7.76645,
				-15.863999999999997,
				2.3962900000000076
			],
			"to": [
				7.76645,
				6.136000000000003,
				24.396290000000004
			],
			"rotation": {
				"angle": 45,
				"axis": "x",
				"origin": [
					8.141449999999999,
					8.136000000000003,
					26.396290000000004
				]
			},
			"faces": {
				"north": {
					"uv": [
						0,
						0,
						0,
						0
					],
					"rotation": 180,
					"texture": "#1"
				},
				"east": {
					"uv": [
						16,
						0,
						0,
						16
					],
					"rotation": 180,
					"texture": "#1"
				},
				"south": {
					"uv": [
						0,
						0,
						0,
						0
					],
					"rotation": 180,
					"texture": "#1"
				},
				"west": {
					"uv": [
						0,
						0,
						16,
						16
					],
					"rotation": 180,
					"texture": "#1"
				},
				"up": {
					"uv": [
						0,
						0,
						0,
						0.10938
					],
					"rotation": 180,
					"texture": "#1"
				},
				"down": {
					"uv": [
						0,
						0,
						0,
						0
					],
					"rotation": 180,
					"texture": "#1"
				}
			}
		},
		{
			"from": [
				7.7977,
				-15.863999999999997,
				2.3962900000000076
			],
			"to": [
				7.7977,
				6.136000000000003,
				24.396290000000004
			],
			"rotation": {
				"angle": 45,
				"axis": "x",
				"origin": [
					8.172699999999999,
					8.136000000000003,
					26.396290000000004
				]
			},
			"faces": {
				"north": {
					"uv": [
						0,
						0,
						0,
						0
					],
					"rotation": 180,
					"texture": "#1"
				},
				"east": {
					"uv": [
						16,
						0,
						0,
						16
					],
					"rotation": 180,
					"texture": "#1"
				},
				"south": {
					"uv": [
						0,
						0,
						0,
						0
					],
					"rotation": 180,
					"texture": "#1"
				},
				"west": {
					"uv": [
						0,
						0,
						16,
						16
					],
					"rotation": 180,
					"texture": "#1"
				},
				"up": {
					"uv": [
						0,
						0,
						0,
						0.10938
					],
					"rotation": 180,
					"texture": "#1"
				},
				"down": {
					"uv": [
						0,
						0,
						0,
						0
					],
					"rotation": 180,
					"texture": "#1"
				}
			}
		},
		{
			"from": [
				7.82895,
				-15.863999999999997,
				2.3962900000000076
			],
			"to": [
				7.82895,
				6.136000000000003,
				24.396290000000004
			],
			"rotation": {
				"angle": 45,
				"axis": "x",
				"origin": [
					8.203949999999999,
					8.136000000000003,
					26.396290000000004
				]
			},
			"faces": {
				"north": {
					"uv": [
						0,
						0,
						0,
						0
					],
					"rotation": 180,
					"texture": "#1"
				},
				"east": {
					"uv": [
						16,
						0,
						0,
						16
					],
					"rotation": 180,
					"texture": "#1"
				},
				"south": {
					"uv": [
						0,
						0,
						0,
						0
					],
					"rotation": 180,
					"texture": "#1"
				},
				"west": {
					"uv": [
						0,
						0,
						16,
						16
					],
					"rotation": 180,
					"texture": "#1"
				},
				"up": {
					"uv": [
						0,
						0,
						0,
						0.10938
					],
					"rotation": 180,
					"texture": "#1"
				},
				"down": {
					"uv": [
						0,
						0,
						0,
						0
					],
					"rotation": 180,
					"texture": "#1"
				}
			}
		},
		{
			"from": [
				7.8602,
				-15.863999999999997,
				2.3962900000000076
			],
			"to": [
				7.8602,
				6.136000000000003,
				24.396290000000004
			],
			"rotation": {
				"angle": 45,
				"axis": "x",
				"origin": [
					8.235199999999999,
					8.136000000000003,
					26.396290000000004
				]
			},
			"faces": {
				"north": {
					"uv": [
						0,
						0,
						0,
						0
					],
					"rotation": 180,
					"texture": "#1"
				},
				"east": {
					"uv": [
						16,
						0,
						0,
						16
					],
					"rotation": 180,
					"texture": "#1"
				},
				"south": {
					"uv": [
						0,
						0,
						0,
						0
					],
					"rotation": 180,
					"texture": "#1"
				},
				"west": {
					"uv": [
						0,
						0,
						16,
						16
					],
					"rotation": 180,
					"texture": "#1"
				},
				"up": {
					"uv": [
						0,
						0,
						0,
						0.10938
					],
					"rotation": 180,
					"texture": "#1"
				},
				"down": {
					"uv": [
						0,
						0,
						0,
						0
					],
					"rotation": 180,
					"texture": "#1"
				}
			}
		},
		{
			"from": [
				7.89145,
				-15.863999999999997,
				2.3962900000000076
			],
			"to": [
				7.89145,
				6.136000000000003,
				24.396290000000004
			],
			"rotation": {
				"angle": 45,
				"axis": "x",
				"origin": [
					8.266449999999999,
					8.136000000000003,
					26.396290000000004
				]
			},
			"faces": {
				"north": {
					"uv": [
						0,
						0,
						0,
						0
					],
					"rotation": 180,
					"texture": "#1"
				},
				"east": {
					"uv": [
						16,
						0,
						0,
						16
					],
					"rotation": 180,
					"texture": "#1"
				},
				"south": {
					"uv": [
						0,
						0,
						0,
						0
					],
					"rotation": 180,
					"texture": "#1"
				},
				"west": {
					"uv": [
						0,
						0,
						16,
						16
					],
					"rotation": 180,
					"texture": "#1"
				},
				"up": {
					"uv": [
						0,
						0,
						0,
						0.10938
					],
					"rotation": 180,
					"texture": "#1"
				},
				"down": {
					"uv": [
						0,
						0,
						0,
						0
					],
					"rotation": 180,
					"texture": "#1"
				}
			}
		},
		{
			"from": [
				7.9227,
				-15.863999999999997,
				2.3962900000000076
			],
			"to": [
				7.9227,
				6.136000000000003,
				24.396290000000004
			],
			"rotation": {
				"angle": 45,
				"axis": "x",
				"origin": [
					8.297699999999999,
					8.136000000000003,
					26.396290000000004
				]
			},
			"faces": {
				"north": {
					"uv": [
						0,
						0,
						0,
						0
					],
					"rotation": 180,
					"texture": "#1"
				},
				"east": {
					"uv": [
						16,
						0,
						0,
						16
					],
					"rotation": 180,
					"texture": "#1"
				},
				"south": {
					"uv": [
						0,
						0,
						0,
						0
					],
					"rotation": 180,
					"texture": "#1"
				},
				"west": {
					"uv": [
						0,
						0,
						16,
						16
					],
					"rotation": 180,
					"texture": "#1"
				},
				"up": {
					"uv": [
						0,
						0,
						0,
						0.10938
					],
					"rotation": 180,
					"texture": "#1"
				},
				"down": {
					"uv": [
						0,
						0,
						0,
						0
					],
					"rotation": 180,
					"texture": "#1"
				}
			}
		},
		{
			"from": [
				7.95395,
				-15.863999999999997,
				2.3962900000000076
			],
			"to": [
				7.95395,
				6.136000000000003,
				24.396290000000004
			],
			"rotation": {
				"angle": 45,
				"axis": "x",
				"origin": [
					8.328949999999999,
					8.136000000000003,
					26.396290000000004
				]
			},
			"faces": {
				"north": {
					"uv": [
						0,
						0,
						0,
						0
					],
					"rotation": 180,