{
	"textures": {
		"0": "animated_java:item/wave_of_destruction/gravity_thunder1"
	},
	"elements": [
		{
			"from": [
				0.5746274250896617,
				13.522062615945192,
				-3.5057976020622785
			],
			"to": [
				20,
				13.522062615945192,
				19.50579760206228
			],
			"rotation": {
				"angle": 22.5,
				"axis": "z",
				"origin": [
					8,
					8,
					8
				]
			},
			"faces": {
				"north": {
					"uv": [
						0,
						0,
						0,
						14.75
					],
					"rotation": 270,
					"texture": "#0"
				},
				"east": {
					"uv": [
						0,
						0,
						0,
						9
					],
					"rotation": 270,
					"texture": "#0"
				},
				"south": {
					"uv": [
						0,
						0,
						0,
						14.75
					],
					"rotation": 270,
					"texture": "#0"
				},
				"west": {
					"uv": [
						0,
						0,
						0,
						9
					],
					"rotation": 90,
					"texture": "#0"
				},
				"up": {
					"uv": [
						16,
						0,
						0,
						16
					],
					"rotation": 180,
					"texture": "#0"
				},
				"down": {
					"uv": [
						0,
						0,
						16,
						16
					],
					"texture": "#0"
				}
			}
		},
		{
			"from": [
				5.712686287455169,
				3.809376328490023,
				-3.5057976020622785
			],
			"to": [
				5.712686287455169,
				23.234748903400366,
				19.50579760206228
			],
			"rotation": {
				"angle": -22.5,
				"axis": "z",
				"origin": [
					8,
					8,
					8
				]
			},
			"faces": {
				"north": {
					"uv": [
						0,
						0,
						0,
						14.75
					],
					"texture": "#0"
				},
				"east": {
					"uv": [
						0,
						0,
						16,
						16
					],
					"rotation": 270,
					"texture": "#0"
				},
				"south": {
					"uv": [
						0,
						0,
						0,
						14.75
					],
					"rotation": 180,
					"texture": "#0"
				},
				"west": {
					"uv": [
						16,
						0,
						0,
						16
					],
					"rotation": 90,
					"texture": "#0"
				},
				"up": {
					"uv": [
						0,
						0,
						0,
						9
					],
					"rotation": 180,
					"texture": "#0"
				},
				"down": {
					"uv": [
						0,
						0,
						0,
						9
					],
					"texture": "#0"
				}
			}
		},
		{
			"from": [
				-4,
				13.522062615945192,
				-3.5057976020622785
			],
			"to": [
				15.425372574910337,
				13.522062615945192,
				19.50579760206228
			],
			"rotation": {
				"angle": -22.5,
				"axis": "z",
				"origin": [
					8,
					8,
					8
				]
			},
			"faces": {
				"north": {
					"uv": [
						0,
						0,
						0,
						14.75
					],
					"rotation": 90,
					"texture": "#0"
				},
				"east": {
					"uv": [
						0,
						0,
						0,
						9
					],
					"rotation": 270,
					"texture": "#0"
				},
				"south": {
					"uv": [
						0,
						0,
						0,
						14.75
					],
					"rotation": 90,
					"texture": "#0"
				},
				"west": {
					"uv": [
						0,
						0,
						0,
						9
					],
					"rotation": 90,
					"texture": "#0"
				},
				"up": {
					"uv": [
						0,
						0,
						16,
						16
					],
					"rotation": 180,
					"texture": "#0"
				},
				"down": {
					"uv": [
						16,
						0,
						0,
						16
					],
					"texture": "#0"
				}
			}
		},
		{
			"from": [
				10.287313712544831,
				3.809376328490023,
				-3.5057976020622785
			],
			"to": [
				10.287313712544831,
				23.234748903400366,
				19.50579760206228
			],
			"rotation": {
				"angle": 22.5,
				"axis": "z",
				"origin": [
					8,
					8,
					8
				]
			},
			"faces": {
				"north": {
					"uv": [
						0,
						0,
						0,
						14.75
					],
					"rotation": 180,
					"texture": "#0"
				},
				"east": {
					"uv": [
						16,
						0,
						0,
						16
					],
					"rotation": 270,
					"texture": "#0"
				},
				"south": {
					"uv": [
						0,
						0,
						0,
						14.75
					],
					"texture": "#0"
				},
				"west": {
					"uv": [
						0,
						0,
						16,
						16
					],
					"rotation": 90,
					"texture": "#0"
				},
				"up": {
					"uv": [
						0,
						0,
						0,
						9
					],
					"rotation": 180,
					"texture": "#0"
				},
				"down": {
					"uv": [
						0,
						0,
						0,
						9
					],
					"texture": "#0"
				}
			}
		}
	],
	"display": {
		"head": {
			"rotation": [
				0,
				180,
				0
			]
		}
	}
}