{
	"textures": {
		"2": "animated_java:item/wave_of_destruction/gravity_thunder0"
	},
	"elements": [
		{
			"from": [
				-3.6751960460002717,
				17.24918128319502,
				3.7544741650908104
			],
			"to": [
				16.036173901792395,
				17.24918128319502,
				27.104866257091356
			],
			"rotation": {
				"angle": 0,
				"axis": "y",
				"origin": [
					6.180488927896062,
					11.184144376181893,
					15.429670211091082
				]
			},
			"faces": {
				"north": {
					"uv": [
						0,
						0,
						0,
						14.75
					],
					"rotation": 270,
					"texture": "#2"
				},
				"east": {
					"uv": [
						0,
						0,
						0,
						9
					],
					"rotation": 270,
					"texture": "#2"
				},
				"south": {
					"uv": [
						0,
						0,
						0,
						14.75
					],
					"rotation": 270,
					"texture": "#2"
				},
				"west": {
					"uv": [
						0,
						0,
						0,
						9
					],
					"rotation": 90,
					"texture": "#2"
				},
				"up": {
					"uv": [
						16,
						0,
						0,
						16
					],
					"rotation": 180,
					"texture": "#2"
				},
				"down": {
					"uv": [
						0,
						0,
						16,
						16
					],
					"texture": "#2"
				}
			}
		},
		{
			"from": [
				0.6134340062070605,
				15.472774428389224,
				3.7544741650908104
			],
			"to": [
				20.324803953999727,
				15.472774428389224,
				27.104866257091356
			],
			"rotation": {
				"angle": 45,
				"axis": "z",
				"origin": [
					6.180488927896062,
					11.184144376181893,
					15.429670211091082
				]
			},
			"faces": {
				"north": {
					"uv": [
						0,
						0,
						0,
						14.75
					],
					"rotation": 270,
					"texture": "#2"
				},
				"east": {
					"uv": [
						0,
						0,
						0,
						9
					],
					"rotation": 270,
					"texture": "#2"
				},
				"south": {
					"uv": [
						0,
						0,
						0,
						14.75
					],
					"rotation": 270,
					"texture": "#2"
				},
				"west": {
					"uv": [
						0,
						0,
						0,
						9
					],
					"rotation": 90,
					"texture": "#2"
				},
				"up": {
					"uv": [
						16,
						0,
						0,
						16
					],
					"rotation": 180,
					"texture": "#2"
				},
				"down": {
					"uv": [
						0,
						0,
						16,
						16
					],
					"texture": "#2"
				}
			}
		},
		{
			"from": [
				10.469118980103394,
				5.617089454492891,
				3.7544741650908104
			],
			"to": [
				10.469118980103394,
				25.328459402285556,
				27.104866257091356
			],
			"rotation": {
				"angle": 45,
				"axis": "z",
				"origin": [
					6.180488927896062,
					11.184144376181893,
					15.429670211091082
				]
			},
			"faces": {
				"north": {
					"uv": [
						0,
						0,
						0,
						14.75
					],
					"texture": "#2"
				},
				"east": {
					"uv": [
						0,
						0,
						16,
						16
					],
					"rotation": 270,
					"texture": "#2"
				},
				"south": {
					"uv": [
						0,
						0,
						0,
						14.75
					],
					"rotation": 180,
					"texture": "#2"
				},
				"west": {
					"uv": [
						16,
						0,
						0,
						16
					],
					"rotation": 90,
					"texture": "#2"
				},
				"up": {
					"uv": [
						0,
						0,
						0,
						9
					],
					"rotation": 180,
					"texture": "#2"
				},
				"down": {
					"uv": [
						0,
						0,
						0,
						9
					],
					"texture": "#2"
				}
			}
		},
		{
			"from": [
				6.180488927896062,
				7.393496309298687,
				3.7544741650908104
			],
			"to": [
				6.180488927896062,
				27.104866257091356,
				27.104866257091356
			],
			"rotation": {
				"angle": 0,
				"axis": "y",
				"origin": [
					6.180488927896062,
					11.184144376181893,
					15.429670211091082
				]
			},
			"faces": {
				"north": {
					"uv": [
						0,
						0,
						0,
						14.75
					],
					"rotation": 180,
					"texture": "#2"
				},
				"east": {
					"uv": [
						16,
						0,
						0,
						16
					],
					"rotation": 270,
					"texture": "#2"
				},
				"south": {
					"uv": [
						0,
						0,
						0,
						14.75
					],
					"texture": "#2"
				},
				"west": {
					"uv": [
						0,
						0,
						16,
						16
					],
					"rotation": 90,
					"texture": "#2"
				},
				"up": {
					"uv": [
						0,
						0,
						0,
						9
					],
					"rotation": 180,
					"texture": "#2"
				},
				"down": {
					"uv": [
						0,
						0,
						0,
						9
					],
					"texture": "#2"
				}
			}
		}
	],
	"display": {
		"head": {
			"rotation": [
				0,
				180,
				0
			]
		}
	}
}