{
	"textures": {
		"4": "animated_java:item/rkss_cancel/flame_slash"
	},
	"elements": [
		{
			"from": [
				3.742222222222223,
				-5.333333333333332,
				8
			],
			"to": [
				14.924444444444445,
				18.666666666666664,
				8
			],
			"rotation": {
				"angle": 0,
				"axis": "y",
				"origin": [
					8,
					8,
					8
				]
			},
			"faces": {
				"north": {
					"uv": [
						0,
						16,
						16,
						0
					],
					"rotation": 270,
					"texture": "#4"
				},
				"east": {
					"uv": [
						0.81967,
						7.237705,
						0.86885,
						7.262295
					],
					"rotation": 90,
					"texture": "#4"
				},
				"south": {
					"uv": [
						16,
						16,
						0,
						0
					],
					"rotation": 90,
					"texture": "#4"
				},
				"west": {
					"uv": [
						0.63115,
						7.163935,
						0.68033,
						7.139345
					],
					"rotation": 90,
					"texture": "#4"
				},
				"up": {
					"uv": [
						0,
						3.5,
						0,
						8.612705
					],
					"rotation": 90,
					"texture": "#4"
				},
				"down": {
					"uv": [
						0,
						3.5,
						0,
						8.612705
					],
					"rotation": 90,
					"texture": "#4"
				}
			}
		}
	],
	"display": {
		"head": {
			"rotation": [
				0,
				180,
				0
			]
		}
	}
}