{
	"textures": {
		"0": "animated_java:item/dimension_slash/slash1"
	},
	"elements": [
		{
			"from": [
				7.77067027027027,
				-3.376038918918921,
				-3.380475675675676
			],
			"to": [
				7.77067027027027,
				19.975312432432432,
				19.97087567567568
			],
			"rotation": {
				"angle": 45,
				"axis": "y",
				"origin": [
					7.77067027027027,
					8.299636756756756,
					7.646551351351351
				]
			},
			"faces": {
				"north": {
					"uv": [
						0,
						0,
						16,
						0
					],
					"rotation": 270,
					"texture": "#0"
				},
				"east": {
					"uv": [
						16,
						0,
						0,
						16
					],
					"rotation": 270,
					"texture": "#0"
				},
				"south": {
					"uv": [
						0,
						0,
						16,
						0
					],
					"rotation": 270,
					"texture": "#0"
				},
				"west": {
					"uv": [
						0,
						0,
						16,
						16
					],
					"rotation": 90,
					"texture": "#0"
				},
				"up": {
					"uv": [
						0,
						0,
						0,
						16
					],
					"rotation": 180,
					"texture": "#0"
				},
				"down": {
					"uv": [
						0,
						0,
						0,
						16
					],
					"texture": "#0"
				}
			}
		},
		{
			"from": [
				-3.9050054054054044,
				-4.02468756756757,
				7.646551351351351
			],
			"to": [
				19.44634594594595,
				19.326663783783783,
				7.646551351351351
			],
			"rotation": {
				"angle": -22.5,
				"axis": "x",
				"origin": [
					7.77067027027027,
					8.299636756756756,
					7.646551351351351
				]
			},
			"faces": {
				"north": {
					"uv": [
						16,
						0,
						0,
						16
					],
					"rotation": 180,
					"texture": "#0"
				},
				"east": {
					"uv": [
						0,
						0,
						0,
						16
					],
					"rotation": 180,
					"texture": "#0"
				},
				"south": {
					"uv": [
						0,
						0,
						16,
						16
					],
					"rotation": 180,
					"texture": "#0"
				},
				"west": {
					"uv": [
						0,
						0,
						0,
						16
					],
					"rotation": 180,
					"texture": "#0"
				},
				"up": {
					"uv": [
						0,
						0,
						16,
						0
					],
					"rotation": 180,
					"texture": "#0"
				},
				"down": {
					"uv": [
						0,
						0,
						16,
						0
					],
					"rotation": 180,
					"texture": "#0"
				}
			}
		}
	],
	"display": {
		"head": {
			"rotation": [
				0,
				180,
				0
			]
		}
	}
}