{
	"textures": {
		"0": "animated_java:item/dimension_slash/slash1"
	},
	"elements": [
		{
			"from": [
				-3.3266637837837827,
				7.875887567567568,
				-3.5001513513513505
			],
			"to": [
				20.024687567567568,
				7.875887567567568,
				19.851200000000002
			],
			"rotation": {
				"angle": -22.5,
				"axis": "x",
				"origin": [
					7.700363243243244,
					7.875887567567568,
					8.175524324324325
				]
			},
			"faces": {
				"north": {
					"uv": [
						0,
						0,
						0,
						16
					],
					"rotation": 270,
					"texture": "#0"
				},
				"east": {
					"uv": [
						0,
						0,
						16,
						0
					],
					"rotation": 180,
					"texture": "#0"
				},
				"south": {
					"uv": [
						0,
						0,
						0,
						16
					],
					"rotation": 90,
					"texture": "#0"
				},
				"west": {
					"uv": [
						0,
						0,
						16,
						0
					],
					"texture": "#0"
				},
				"up": {
					"uv": [
						16,
						0,
						0,
						16
					],
					"rotation": 90,
					"texture": "#0"
				},
				"down": {
					"uv": [
						0,
						0,
						16,
						16
					],
					"rotation": 90,
					"texture": "#0"
				}
			}
		},
		{
			"from": [
				-3.975312432432432,
				7.875887567567568,
				-4.1488
			],
			"to": [
				19.376038918918923,
				7.875887567567568,
				19.202551351351353
			],
			"rotation": {
				"angle": 22.5,
				"axis": "x",
				"origin": [
					7.700363243243244,
					7.875887567567568,
					8.175524324324325
				]
			},
			"faces": {
				"north": {
					"uv": [
						0,
						0,
						16,
						0
					],
					"texture": "#0"
				},
				"east": {
					"uv": [
						0,
						0,
						0,
						16
					],
					"rotation": 90,
					"texture": "#0"
				},
				"south": {
					"uv": [
						0,
						0,
						16,
						0
					],
					"rotation": 180,
					"texture": "#0"
				},
				"west": {
					"uv": [
						0,
						0,
						0,
						16
					],
					"rotation": 270,
					"texture": "#0"
				},
				"up": {
					"uv": [
						16,
						0,
						0,
						16
					],
					"texture": "#0"
				},
				"down": {
					"uv": [
						0,
						0,
						16,
						16
					],
					"rotation": 180,
					"texture": "#0"
				}
			}
		}
	],
	"display": {
		"head": {
			"rotation": [
				0,
				180,
				0
			]
		}
	}
}