{
	"textures": {
		"0": "animated_java:item/dimension_slash/slash1"
	},
	"elements": [
		{
			"from": [
				8.441473333333333,
				-3.666673333333332,
				-4.123006666666665
			],
			"to": [
				8.441473333333333,
				20.333326666666665,
				19.87699333333333
			],
			"rotation": {
				"angle": -22.5,
				"axis": "y",
				"origin": [
					8.441473333333333,
					8.333326666666666,
					8.543660000000001
				]
			},
			"faces": {
				"north": {
					"uv": [
						0,
						0,
						16,
						0
					],
					"rotation": 270,
					"texture": "#0"
				},
				"east": {
					"uv": [
						0,
						0,
						16,
						16
					],
					"rotation": 90,
					"texture": "#0"
				},
				"south": {
					"uv": [
						0,
						0,
						16,
						0
					],
					"rotation": 270,
					"texture": "#0"
				},
				"west": {
					"uv": [
						16,
						0,
						0,
						16
					],
					"rotation": 270,
					"texture": "#0"
				},
				"up": {
					"uv": [
						0,
						0,
						0,
						16
					],
					"texture": "#0"
				},
				"down": {
					"uv": [
						0,
						0,
						0,
						16
					],
					"rotation": 180,
					"texture": "#0"
				}
			}
		},
		{
			"from": [
				-4.225193333333332,
				-3.666673333333332,
				8.543660000000001
			],
			"to": [
				19.774806666666667,
				20.333326666666665,
				8.543660000000001
			],
			"rotation": {
				"angle": -45,
				"axis": "y",
				"origin": [
					8.441473333333333,
					8.333326666666666,
					8.543660000000001
				]
			},
			"faces": {
				"north": {
					"uv": [
						0,
						0,
						16,
						16
					],
					"rotation": 90,
					"texture": "#0"
				},
				"east": {
					"uv": [
						0,
						0,
						16,
						0
					],
					"rotation": 90,
					"texture": "#0"
				},
				"south": {
					"uv": [
						16,
						0,
						0,
						16
					],
					"rotation": 270,
					"texture": "#0"
				},
				"west": {
					"uv": [
						0,
						0,
						16,
						0
					],
					"rotation": 90,
					"texture": "#0"
				},
				"up": {
					"uv": [
						0,
						0,
						0,
						16
					],
					"rotation": 270,
					"texture": "#0"
				},
				"down": {
					"uv": [
						0,
						0,
						0,
						16
					],
					"rotation": 270,
					"texture": "#0"
				}
			}
		}
	],
	"display": {
		"head": {
			"rotation": [
				0,
				180,
				0
			]
		}
	}
}