{
	"textures": {
		"1": "animated_java:item/carian_grandeur/moonveil_slash"
	},
	"elements": [
		{
			"from": [
				-0.18181818181817988,
				7.454545454545455,
				7.454545454545455
			],
			"to": [
				23.818181818181817,
				7.454545454545455,
				27.636363636363633
			],
			"rotation": {
				"angle": 0,
				"axis": "y",
				"origin": [
					10.454545454545453,
					7.454545454545455,
					10.454545454545453
				]
			},
			"faces": {
				"north": {
					"uv": [
						0,
						0,
						8.5,
						0
					],
					"rotation": 180,
					"texture": "#1"
				},
				"east": {
					"uv": [
						0,
						0,
						5.5,
						0
					],
					"rotation": 180,
					"texture": "#1"
				},
				"south": {
					"uv": [
						0,
						0,
						8.5,
						0
					],
					"rotation": 180,
					"texture": "#1"
				},
				"west": {
					"uv": [
						0,
						0,
						5.5,
						0
					],
					"rotation": 180,
					"texture": "#1"
				},
				"up": {
					"uv": [
						0,
						0,
						16,
						16
					],
					"rotation": 180,
					"texture": "#1"
				},
				"down": {
					"uv": [
						0,
						16,
						16,
						0
					],
					"rotation": 180,
					"texture": "#1"
				}
			}
		}
	],
	"display": {
		"head": {
			"rotation": [
				0,
				180,
				0
			]
		}
	}
}