{
	"textures": {
		"14": "animated_java:item/meteoric_ore_snipe_charge/meteoric_laser_beam"
	},
	"elements": [
		{
			"from": [
				7.5,
				7.75,
				7.75
			],
			"to": [
				8,
				8.25,
				8.25
			],
			"rotation": {
				"angle": 0,
				"axis": "y",
				"origin": [
					7.95,
					7.949999999999999,
					8.049999999999997
				]
			},
			"faces": {
				"north": {
					"uv": [
						0.5625,
						0.4375,
						0.625,
						0.5
					],
					"rotation": 270,
					"texture": "#14"
				},
				"east": {
					"uv": [
						0.5625,
						0.375,
						0.625,
						0.4375
					],
					"rotation": 180,
					"texture": "#14"
				},
				"south": {
					"uv": [
						0.5,
						0.5625,
						0.5625,
						0.625
					],
					"rotation": 90,
					"texture": "#14"
				},
				"west": {
					"uv": [
						0.5625,
						0.5,
						0.625,
						0.5625
					],
					"texture": "#14"
				},
				"up": {
					"uv": [
						0.5,
						0.5,
						0.5625,
						0.5625
					],
					"rotation": 90,
					"texture": "#14"
				},
				"down": {
					"uv": [
						0.375,
						0.625,
						0.4375,
						0.6875
					],
					"rotation": 90,
					"texture": "#14"
				}
			}
		}
	],
	"display": {
		"head": {
			"rotation": [
				0,
				180,
				0
			]
		}
	}
}