{
	"textures": {
		"14": "animated_java:item/meteoric_ore_snipe_charge/meteoric_laser_beam"
	},
	"elements": [
		{
			"from": [
				7.8,
				7.800000000000001,
				7.799999999999997
			],
			"to": [
				7.95,
				7.950000000000001,
				7.950000000000003
			],
			"rotation": {
				"angle": -45,
				"axis": "x",
				"origin": [
					8.125,
					7.875,
					7.875
				]
			},
			"faces": {
				"north": {
					"uv": [
						0.5,
						0.5625,
						0.5625,
						0.625
					],
					"rotation": 90,
					"texture": "#14"
				},
				"east": {
					"uv": [
						0.5625,
						0.5,
						0.625,
						0.5625
					],
					"texture": "#14"
				},
				"south": {
					"uv": [
						0.5625,
						0.4375,
						0.625,
						0.5
					],
					"rotation": 270,
					"texture": "#14"
				},
				"west": {
					"uv": [
						0.5625,
						0.375,
						0.625,
						0.4375
					],
					"rotation": 180,
					"texture": "#14"
				},
				"up": {
					"uv": [
						0.5,
						0.5,
						0.5625,
						0.5625
					],
					"rotation": 270,
					"texture": "#14"
				},
				"down": {
					"uv": [
						0.375,
						0.625,
						0.4375,
						0.6875
					],
					"rotation": 270,
					"texture": "#14"
				}
			}
		}
	],
	"display": {
		"head": {
			"rotation": [
				0,
				180,
				0
			]
		}
	}
}