{
	"textures": {
		"14": "animated_java:item/meteoric_ore_snipe_charge/meteoric_laser_beam"
	},
	"elements": [
		{
			"from": [
				7.725,
				7.75,
				7.583579999999998
			],
			"to": [
				8.025,
				8.05,
				7.883579999999995
			],
			"rotation": {
				"angle": -45,
				"axis": "y",
				"origin": [
					8.125,
					7.9,
					7.733579999999989
				]
			},
			"faces": {
				"north": {
					"uv": [
						0.375,
						0.625,
						0.4375,
						0.6875
					],
					"rotation": 180,
					"texture": "#14"
				},
				"east": {
					"uv": [
						0.5625,
						0.4375,
						0.625,
						0.5
					],
					"rotation": 180,
					"texture": "#14"
				},
				"south": {
					"uv": [
						0.5,
						0.5,
						0.5625,
						0.5625
					],
					"rotation": 180,
					"texture": "#14"
				},
				"west": {
					"uv": [
						0.5,
						0.5625,
						0.5625,
						0.625
					],
					"rotation": 180,
					"texture": "#14"
				},
				"up": {
					"uv": [
						0.5625,
						0.5,
						0.625,
						0.5625
					],
					"rotation": 180,
					"texture": "#14"
				},
				"down": {
					"uv": [
						0.5625,
						0.375,
						0.625,
						0.4375
					],
					"rotation": 180,
					"texture": "#14"
				}
			}
		}
	],
	"display": {
		"head": {
			"rotation": [
				0,
				180,
				0
			]
		}
	}
}