{
	"textures": {
		"14": "animated_java:item/meteoric_ore_snipe_charge/meteoric_laser_beam"
	},
	"elements": [
		{
			"from": [
				7.6,
				7.85,
				7.850000000000001
			],
			"to": [
				7.9,
				8.149999999999999,
				8.150000000000006
			],
			"rotation": {
				"angle": 22.5,
				"axis": "z",
				"origin": [
					8,
					8,
					8
				]
			},
			"faces": {
				"north": {
					"uv": [
						0.5,
						0.5625,
						0.5625,
						0.625
					],
					"rotation": 180,
					"texture": "#14"
				},
				"east": {
					"uv": [
						0.375,
						0.625,
						0.4375,
						0.6875
					],
					"rotation": 180,
					"texture": "#14"
				},
				"south": {
					"uv": [
						0.5625,
						0.4375,
						0.625,
						0.5
					],
					"rotation": 180,
					"texture": "#14"
				},
				"west": {
					"uv": [
						0.5,
						0.5,
						0.5625,
						0.5625
					],
					"rotation": 180,
					"texture": "#14"
				},
				"up": {
					"uv": [
						0.5625,
						0.5,
						0.625,
						0.5625
					],
					"rotation": 270,
					"texture": "#14"
				},
				"down": {
					"uv": [
						0.5625,
						0.375,
						0.625,
						0.4375
					],
					"rotation": 90,
					"texture": "#14"
				}
			}
		}
	],
	"display": {
		"head": {
			"rotation": [
				0,
				180,
				0
			]
		}
	}
}