{
	"textures": {
		"5": "animated_java:item/starscaller/meteorite"
	},
	"elements": [
		{
			"from": [
				19.5,
				22.87823,
				10.785409999999999
			],
			"to": [
				20.5,
				24.37823,
				13.285409999999999
			],
			"rotation": {
				"angle": -45,
				"axis": "x",
				"origin": [
					16,
					21.75323,
					14.01041
				]
			},
			"faces": {
				"north": {
					"uv": [
						3,
						6.5,
						3.75,
						7
					],
					"rotation": 90,
					"texture": "#5"
				},
				"east": {
					"uv": [
						3,
						0.5,
						3.75,
						2.25
					],
					"rotation": 270,
					"texture": "#5"
				},
				"south": {
					"uv": [
						0,
						2.5,
						0.75,
						3
					],
					"rotation": 270,
					"texture": "#5"
				},
				"west": {
					"uv": [
						1,
						3.5,
						1.75,
						4.75
					],
					"rotation": 270,
					"texture": "#5"
				},
				"up": {
					"uv": [
						0,
						7,
						1.25,
						7.5
					],
					"rotation": 270,
					"texture": "#5"
				},
				"down": {
					"uv": [
						0.5,
						0,
						1.75,
						0.5
					],
					"rotation": 270,
					"texture": "#5"
				}
			}
		},
		{
			"from": [
				19.75,
				21.27823,
				13.035409999999999
			],
			"to": [
				20.75,
				23.27823,
				15.035409999999999
			],
			"rotation": {
				"angle": -45,
				"axis": "x",
				"origin": [
					16,
					21.75323,
					14.01041
				]
			},
			"faces": {
				"north": {
					"uv": [
						3,
						6.5,
						4,
						7
					],
					"rotation": 90,
					"texture": "#5"
				},
				"east": {
					"uv": [
						3,
						0.5,
						4,
						2
					],
					"rotation": 270,
					"texture": "#5"
				},
				"south": {
					"uv": [
						0,
						2.5,
						1,
						3
					],
					"rotation": 270,
					"texture": "#5"
				},
				"west": {
					"uv": [
						1,
						3.5,
						2,
						4.5
					],
					"rotation": 270,
					"texture": "#5"
				},
				"up": {
					"uv": [
						0,
						7,
						1,
						7.5
					],
					"rotation": 270,
					"texture": "#5"
				},
				"down": {
					"uv": [
						0.5,
						0,
						1.5,
						0.5
					],
					"rotation": 270,
					"texture": "#5"
				}
			}
		},
		{
			"from": [
				20,
				20.77823,
				12.535409999999999
			],
			"to": [
				21,
				21.77823,
				13.535409999999999
			],
			"rotation": {
				"angle": -45,
				"axis": "x",
				"origin": [
					16,
					21.75323,
					14.01041
				]
			},
			"faces": {
				"north": {
					"uv": [
						3,
						6.5,
						3.5,
						7
					],
					"rotation": 90,
					"texture": "#5"
				},
				"east": {
					"uv": [
						3,
						0.5,
						3.5,
						1.5
					],
					"rotation": 270,
					"texture": "#5"
				},
				"south": {
					"uv": [
						0,
						2.5,
						0.5,
						3
					],
					"rotation": 270,
					"texture": "#5"
				},
				"west": {
					"uv": [
						1,
						3.5,
						1.5,
						4
					],
					"rotation": 270,
					"texture": "#5"
				},
				"up": {
					"uv": [
						0,
						7,
						0.5,
						7.5
					],
					"rotation": 270,
					"texture": "#5"
				},
				"down": {
					"uv": [
						0.5,
						0,
						1,
						0.5
					],
					"rotation": 270,
					"texture": "#5"
				}
			}
		},
		{
			"from": [
				20,
				17.27823,
				12.035409999999999
			],
			"to": [
				20.5,
				20.27823,
				14.035409999999999
			],
			"rotation": {
				"angle": -45,
				"axis": "x",
				"origin": [
					16,
					21.75323,
					14.01041
				]
			},
			"faces": {
				"north": {
					"uv": [
						3,
						6.5,
						4.5,
						6.75
					],
					"rotation": 90,
					"texture": "#5"
				},
				"east": {
					"uv": [
						3,
						0.5,
						4.5,
						2
					],
					"rotation": 270,
					"texture": "#5"
				},
				"south": {
					"uv": [
						0,
						2.5,
						1.5,
						2.75
					],
					"rotation": 270,
					"texture": "#5"
				},
				"west": {
					"uv": [
						1,
						3.5,
						2.5,
						4.5
					],
					"rotation": 270,
					"texture": "#5"
				},
				"up": {
					"uv": [
						0,
						7,
						1,
						7.25
					],
					"rotation": 270,
					"texture": "#5"
				},
				"down": {
					"uv": [
						0.5,
						0,
						1.5,
						0.25
					],
					"rotation": 270,
					"texture": "#5"
				}
			}
		},
		{
			"from": [
				20,
				16.77823,
				13.035409999999999
			],
			"to": [
				21,
				18.77823,
				17.03541
			],
			"rotation": {
				"angle": -45,
				"axis": "x",
				"origin": [
					16,
					21.75323,
					14.01041
				]
			},
			"faces": {
				"north": {
					"uv": [
						3,
						6.5,
						4,
						7
					],
					"rotation": 90,
					"texture": "#5"
				},
				"east": {
					"uv": [
						3,
						0.5,
						4,
						3
					],
					"rotation": 270,
					"texture": "#5"
				},
				"south": {
					"uv": [
						0,
						2.5,
						1,
						3
					],
					"rotation": 270,
					"texture": "#5"
				},
				"west": {
					"uv": [
						1,
						3.5,
						2,
						5.5
					],
					"rotation": 270,
					"texture": "#5"
				},
				"up": {
					"uv": [
						0,
						7,
						2,
						7.5
					],
					"rotation": 270,
					"texture": "#5"
				},
				"down": {
					"uv": [
						0.5,
						0,
						2.5,
						0.5
					],
					"rotation": 270,
					"texture": "#5"
				}
			}
		},
		{
			"from": [
				20,
				20.27823,
				16.53541
			],
			"to": [
				20.75,
				21.27823,
				17.53541
			],
			"rotation": {
				"angle": -45,
				"axis": "x",
				"origin": [
					16,
					21.75323,
					14.01041
				]
			},
			"faces": {
				"north": {
					"uv": [
						3,
						6.5,
						3.5,
						6.875
					],
					"rotation": 90,
					"texture": "#5"
				},
				"east": {
					"uv": [
						3,
						0.5,
						3.5,
						1.5
					],
					"rotation": 270,
					"texture": "#5"
				},
				"south": {
					"uv": [
						0,
						2.5,
						0.5,
						2.875
					],
					"rotation": 270,
					"texture": "#5"
				},
				"west": {
					"uv": [
						1,
						3.5,
						1.5,
						4
					],
					"rotation": 270,
					"texture": "#5"
				},
				"up": {
					"uv": [
						0,
						7,
						0.5,
						7.375
					],
					"rotation": 270,
					"texture": "#5"
				},
				"down": {
					"uv": [
						0.5,
						0,
						1,
						0.375
					],
					"rotation": 270,
					"texture": "#5"
				}
			}
		},
		{
			"from": [
				20,
				20.77823,
				14.535409999999999
			],
			"to": [
				21.25,
				21.77823,
				15.535409999999999
			],
			"rotation": {
				"angle": -45,
				"axis": "x",
				"origin": [
					16,
					21.75323,
					14.01041
				]
			},
			"faces": {
				"north": {
					"uv": [
						3,
						6.5,
						3.5,
						7.125
					],
					"rotation": 90,
					"texture": "#5"
				},
				"east": {
					"uv": [
						3,
						0.5,
						3.5,
						1.5
					],
					"rotation": 270,
					"texture": "#5"
				},
				"south": {
					"uv": [
						0,
						2.5,
						0.5,
						3.125
					],
					"rotation": 270,
					"texture": "#5"
				},
				"west": {
					"uv": [
						1,
						3.5,
						1.5,
						4
					],
					"rotation": 270,
					"texture": "#5"
				},
				"up": {
					"uv": [
						0,
						7,
						0.5,
						7.625
					],
					"rotation": 270,
					"texture": "#5"
				},
				"down": {
					"uv": [
						0.5,
						0,
						1,
						0.625
					],
					"rotation": 270,
					"texture": "#5"
				}
			}
		},
		{
			"from": [
				20,
				22.77823,
				15.535409999999999
			],
			"to": [
				20.5,
				23.77823,
				16.53541
			],
			"rotation": {
				"angle": -45,
				"axis": "x",
				"origin": [
					16,
					21.75323,
					14.01041
				]
			},
			"faces": {
				"north": {
					"uv": [
						3,
						6.5,
						3.5,
						6.75
					],
					"rotation": 90,
					"texture": "#5"
				},
				"east": {
					"uv": [
						3,
						0.5,
						3.5,
						1.5
					],
					"rotation": 270,
					"texture": "#5"
				},
				"south": {
					"uv": [
						0,
						2.5,
						0.5,
						2.75
					],
					"rotation": 270,
					"texture": "#5"
				},
				"west": {
					"uv": [
						1,
						3.5,
						1.5,
						4
					],
					"rotation": 270,
					"texture": "#5"
				},