{
	"textures": {
		"1": "animated_java:item/nep_moonlight_slash/moonlight_sword_3d_texture_image"
	},
	"elements": [
		{
			"from": [
				8.162838567493113,
				-16,
				4.0399550413223135
			],
			"to": [
				8.162838567493113,
				-0.4848484848484844,
				19.55510655647383
			],
			"rotation": {
				"angle": 45,
				"axis": "x",
				"origin": [
					8.427301377410469,
					0.9256198347107434,
					20.96557487603306
				]
			},
			"faces": {
				"north": {
					"uv": [
						0,
						0,
						0,
						0
					],
					"rotation": 180,
					"texture": "#1"
				},
				"east": {
					"uv": [
						16,
						0,
						0,
						16
					],
					"rotation": 180,
					"texture": "#1"
				},
				"south": {
					"uv": [
						0,
						0,
						0,
						0
					],
					"rotation": 180,
					"texture": "#1"
				},
				"west": {
					"uv": [
						0,
						0,
						16,
						16
					],
					"rotation": 180,
					"texture": "#1"
				},
				"up": {
					"uv": [
						0,
						0,
						0,
						0.10938
					],
					"rotation": 180,
					"texture": "#1"
				},
				"down": {
					"uv": [
						0,
						0,
						0,
						0
					],
					"rotation": 180,
					"texture": "#1"
				}
			}
		},
		{
			"from": [
				7.832260055096419,
				-16,
				4.0399550413223135
			],
			"to": [
				7.832260055096419,
				-0.4848484848484844,
				19.55510655647383
			],
			"rotation": {
				"angle": 45,
				"axis": "x",
				"origin": [
					8.096722865013774,
					0.9256198347107434,
					20.96557487603306
				]
			},
			"faces": {
				"north": {
					"uv": [
						0,
						0,
						0,
						0
					],
					"rotation": 180,
					"texture": "#1"
				},
				"east": {
					"uv": [
						16,
						0,
						0,
						16
					],
					"rotation": 180,
					"texture": "#1"
				},
				"south": {
					"uv": [
						0,
						0,
						0,
						0
					],
					"rotation": 180,
					"texture": "#1"
				},
				"west": {
					"uv": [
						0,
						0,
						16,
						16
					],
					"rotation": 180,
					"texture": "#1"
				},
				"up": {
					"uv": [
						0,
						0,
						0,
						0.10938
					],
					"rotation": 180,
					"texture": "#1"
				},
				"down": {
					"uv": [
						0,
						0,
						0,
						0
					],
					"rotation": 180,
					"texture": "#1"
				}
			}
		},
		{
			"from": [
				7.854298622589532,
				-16,
				4.0399550413223135
			],
			"to": [
				7.854298622589532,
				-0.4848484848484844,
				19.55510655647383
			],
			"rotation": {
				"angle": 45,
				"axis": "x",
				"origin": [
					8.118761432506886,
					0.9256198347107434,
					20.96557487603306
				]
			},
			"faces": {
				"north": {
					"uv": [
						0,
						0,
						0,
						0
					],
					"rotation": 180,
					"texture": "#1"
				},
				"east": {
					"uv": [
						16,
						0,
						0,
						16
					],
					"rotation": 180,
					"texture": "#1"
				},
				"south": {
					"uv": [
						0,
						0,
						0,
						0
					],
					"rotation": 180,
					"texture": "#1"
				},
				"west": {
					"uv": [
						0,
						0,
						16,
						16
					],
					"rotation": 180,
					"texture": "#1"
				},
				"up": {
					"uv": [
						0,
						0,
						0,
						0.10938
					],
					"rotation": 180,
					"texture": "#1"
				},
				"down": {
					"uv": [
						0,
						0,
						0,
						0
					],
					"rotation": 180,
					"texture": "#1"
				}
			}
		},
		{
			"from": [
				7.876337190082645,
				-16,
				4.0399550413223135
			],
			"to": [
				7.876337190082645,
				-0.4848484848484844,
				19.55510655647383
			],
			"rotation": {
				"angle": 45,
				"axis": "x",
				"origin": [
					8.1408,
					0.9256198347107434,
					20.96557487603306
				]
			},
			"faces": {
				"north": {
					"uv": [
						0,
						0,
						0,
						0
					],
					"rotation": 180,
					"texture": "#1"
				},
				"east": {
					"uv": [
						16,
						0,
						0,
						16
					],
					"rotation": 180,
					"texture": "#1"
				},
				"south": {
					"uv": [
						0,
						0,
						0,
						0
					],
					"rotation": 180,
					"texture": "#1"
				},
				"west": {
					"uv": [
						0,
						0,
						16,
						16
					],
					"rotation": 180,
					"texture": "#1"
				},
				"up": {
					"uv": [
						0,
						0,
						0,
						0.10938
					],
					"rotation": 180,
					"texture": "#1"
				},
				"down": {
					"uv": [
						0,
						0,
						0,
						0
					],
					"rotation": 180,
					"texture": "#1"
				}
			}
		},
		{
			"from": [
				7.898375757575757,
				-16,
				4.0399550413223135
			],
			"to": [
				7.898375757575757,
				-0.4848484848484844,
				19.55510655647383
			],
			"rotation": {
				"angle": 45,
				"axis": "x",
				"origin": [
					8.162838567493113,
					0.9256198347107434,
					20.96557487603306
				]
			},
			"faces": {
				"north": {
					"uv": [
						0,
						0,
						0,
						0
					],
					"rotation": 180,
					"texture": "#1"
				},
				"east": {
					"uv": [
						16,
						0,
						0,
						16
					],
					"rotation": 180,
					"texture": "#1"
				},
				"south": {
					"uv": [
						0,
						0,
						0,
						0
					],
					"rotation": 180,
					"texture": "#1"
				},
				"west": {
					"uv": [
						0,
						0,
						16,
						16
					],
					"rotation": 180,
					"texture": "#1"
				},
				"up": {
					"uv": [
						0,
						0,
						0,
						0.10938
					],
					"rotation": 180,
					"texture": "#1"
				},
				"down": {
					"uv": [
						0,
						0,
						0,
						0
					],
					"rotation": 180,
					"texture": "#1"
				}
			}
		},
		{
			"from": [
				7.9204143250688706,
				-16,
				4.0399550413223135
			],
			"to": [
				7.9204143250688706,
				-0.4848484848484844,
				19.55510655647383
			],
			"rotation": {
				"angle": 45,
				"axis": "x",
				"origin": [
					8.184877134986227,
					0.9256198347107434,
					20.96557487603306
				]
			},
			"faces": {
				"north": {
					"uv": [
						0,
						0,
						0,
						0
					],
					"rotation": 180,
					"texture": "#1"
				},
				"east": {
					"uv": [
						16,
						0,
						0,
						16
					],
					"rotation": 180,
					"texture": "#1"
				},
				"south": {
					"uv": [
						0,
						0,
						0,
						0
					],
					"rotation": 180,
					"texture": "#1"
				},
				"west": {
					"uv": [
						0,
						0,
						16,
						16
					],
					"rotation": 180,
					"texture": "#1"
				},
				"up": {
					"uv": [
						0,
						0,
						0,
						0.10938
					],
					"rotation": 180,
					"texture": "#1"
				},
				"down": {
					"uv": [
						0,
						0,
						0,
						0
					],
					"rotation": 180,
					"texture": "#1"
				}
			}
		},
		{
			"from": [
				7.942452892561984,
				-16,
				4.0399550413223135
			],
			"to": [
				7.942452892561984,
				-0.4848484848484844,
				19.55510655647383
			],
			"rotation": {
				"angle": 45,
				"axis": "x",
				"origin": [
					8.206915702479339,
					0.9256198347107434,
					20.96557487603306
				]
			},
			"faces": {
				"north": {
					"uv": [
						0,
						0,
						0,
						0
					],
					"rotation": 180,
					"texture": "#1"
				},
				"east": {
					"uv": [
						16,
						0,
						0,
						16
					],
					"rotation": 180,
					"texture": "#1"
				},
				"south": {
					"uv": [
						0,
						0,
						0,
						0
					],
					"rotation": 180,
					"texture": "#1"
				},
				"west": {
					"uv": [
						0,
						0,
						16,
						16
					],
					"rotation": 180,
					"texture": "#1"
				},
				"up": {
					"uv": [
						0,
						0,
						0,
						0.10938
					],
					"rotation": 180,
					"texture": "#1"
				},
				"down": {
					"uv": [
						0,
						0,
						0,
						0
					],
					"rotation": 180,
					"texture": "#1"
				}
			}
		},
		{
			"from": [
				7.964491460055097,
				-16,
				4.0399550413223135
			],
			"to": [
				7.964491460055097,
				-0.4848484848484844,
				19.55510655647383
			],
			"rotation": {
				"angle": 45,
				"axis": "x",
				"origin": [
					8.228954269972451,
					0.9256198347107434,
					20.96557487603306
				]
			},
			"faces": {
				"north": {
					"uv": [
						0,
						0,
						0,
						0
					],