{
	"textures": {
		"13": "animated_java:item/void_slash/void_slash"
	},
	"elements": [
		{
			"from": [
				-4.333333333333332,
				-3.666666666666666,
				8
			],
			"to": [
				19.666666666666664,
				20.333333333333332,
				8
			],
			"rotation": {
				"angle": 22.5,
				"axis": "x",
				"origin": [
					8.333333333333334,
					8.333333333333334,
					8
				]
			},
			"faces": {
				"north": {
					"uv": [
						16,
						0,
						0,
						16
					],
					"rotation": 90,
					"texture": "#13"
				},
				"east": {
					"uv": [
						0,
						0,
						16,
						0
					],
					"rotation": 270,
					"texture": "#13"
				},
				"south": {
					"uv": [
						0,
						0,
						16,
						16
					],
					"rotation": 270,
					"texture": "#13"
				},
				"west": {
					"uv": [
						0,
						0,
						16,
						0
					],
					"rotation": 270,
					"texture": "#13"
				},
				"up": {
					"uv": [
						0,
						0,
						0,
						16
					],
					"rotation": 270,
					"texture": "#13"
				},
				"down": {
					"uv": [
						0,
						0,
						0,
						16
					],
					"rotation": 270,
					"texture": "#13"
				}
			}
		}
	],
	"display": {
		"head": {
			"rotation": [
				0,
				180,
				0
			]
		}
	}
}