{
	"textures": {
		"13": "animated_java:item/void_slash/void_slash"
	},
	"elements": [
		{
			"from": [
				7.7643,
				-3.6920400000000004,
				-3.6965999999999983
			],
			"to": [
				7.7643,
				20.307959999999998,
				20.3034
			],
			"rotation": {
				"angle": 45,
				"axis": "y",
				"origin": [
					7.7643,
					8.30796,
					7.636733333333334
				]
			},
			"faces": {
				"north": {
					"uv": [
						0,
						0,
						16,
						0
					],
					"rotation": 270,
					"texture": "#13"
				},
				"east": {
					"uv": [
						16,
						0,
						0,
						16
					],
					"rotation": 270,
					"texture": "#13"
				},
				"south": {
					"uv": [
						0,
						0,
						16,
						0
					],
					"rotation": 270,
					"texture": "#13"
				},
				"west": {
					"uv": [
						0,
						0,
						16,
						16
					],
					"rotation": 90,
					"texture": "#13"
				},
				"up": {
					"uv": [
						0,
						0,
						0,
						16
					],
					"rotation": 180,
					"texture": "#13"
				},
				"down": {
					"uv": [
						0,
						0,
						0,
						16
					],
					"texture": "#13"
				}
			}
		}
	],
	"display": {
		"head": {
			"rotation": [
				0,
				180,
				0
			]
		}
	}
}