{
	"textures": {
		"5": "animated_java:item/nep_phase3_transition/dragonslayer_greatbow_standby"
	},
	"elements": [
		{
			"from": [
				8.230902777777779,
				-15.999999999999993,
				2.3847763108502456
			],
			"to": [
				8.230902777777779,
				6,
				24.384776310850253
			],
			"rotation": {
				"angle": 45,
				"axis": "x",
				"origin": [
					8.605902777777768,
					7.9999999999999964,
					26.38477631085025
				]
			},
			"faces": {
				"north": {
					"uv": [
						0,
						0,
						0,
						0
					],
					"rotation": 180,
					"texture": "#5"
				},
				"east": {
					"uv": [
						16,
						0,
						0,
						16
					],
					"rotation": 180,
					"texture": "#5"
				},
				"south": {
					"uv": [
						0,
						0,
						0,
						0
					],
					"rotation": 180,
					"texture": "#5"
				},
				"west": {
					"uv": [
						0,
						0,
						16,
						16
					],
					"rotation": 180,
					"texture": "#5"
				},
				"up": {
					"uv": [
						0,
						0,
						0,
						0.10938
					],
					"rotation": 180,
					"texture": "#5"
				},
				"down": {
					"uv": [
						0,
						0,
						0,
						0
					],
					"rotation": 180,
					"texture": "#5"
				}
			}
		},
		{
			"from": [
				7.762152777777779,
				-15.999999999999993,
				2.3847763108502456
			],
			"to": [
				7.762152777777779,
				6,
				24.384776310850253
			],
			"rotation": {
				"angle": 45,
				"axis": "x",
				"origin": [
					8.137152777777779,
					7.9999999999999964,
					26.38477631085025
				]
			},
			"faces": {
				"north": {
					"uv": [
						0,
						0,
						0,
						0
					],
					"rotation": 180,
					"texture": "#5"
				},
				"east": {
					"uv": [
						16,
						0,
						0,
						16
					],
					"rotation": 180,
					"texture": "#5"
				},
				"south": {
					"uv": [
						0,
						0,
						0,
						0
					],
					"rotation": 180,
					"texture": "#5"
				},
				"west": {
					"uv": [
						0,
						0,
						16,
						16
					],
					"rotation": 180,
					"texture": "#5"
				},
				"up": {
					"uv": [
						0,
						0,
						0,
						0.10938
					],
					"rotation": 180,
					"texture": "#5"
				},
				"down": {
					"uv": [
						0,
						0,
						0,
						0
					],
					"rotation": 180,
					"texture": "#5"
				}
			}
		},
		{
			"from": [
				7.793402777777779,
				-15.999999999999993,
				2.3847763108502456
			],
			"to": [
				7.793402777777779,
				6,
				24.384776310850253
			],
			"rotation": {
				"angle": 45,
				"axis": "x",
				"origin": [
					8.168402777777779,
					7.9999999999999964,
					26.38477631085025
				]
			},
			"faces": {
				"north": {
					"uv": [
						0,
						0,
						0,
						0
					],
					"rotation": 180,
					"texture": "#5"
				},
				"east": {
					"uv": [
						16,
						0,
						0,
						16
					],
					"rotation": 180,
					"texture": "#5"
				},
				"south": {
					"uv": [
						0,
						0,
						0,
						0
					],
					"rotation": 180,
					"texture": "#5"
				},
				"west": {
					"uv": [
						0,
						0,
						16,
						16
					],
					"rotation": 180,
					"texture": "#5"
				},
				"up": {
					"uv": [
						0,
						0,
						0,
						0.10938
					],
					"rotation": 180,
					"texture": "#5"
				},
				"down": {
					"uv": [
						0,
						0,
						0,
						0
					],
					"rotation": 180,
					"texture": "#5"
				}
			}
		},
		{
			"from": [
				7.824652777777779,
				-15.999999999999993,
				2.3847763108502456
			],
			"to": [
				7.824652777777779,
				6,
				24.384776310850253
			],
			"rotation": {
				"angle": 45,
				"axis": "x",
				"origin": [
					8.199652777777779,
					7.9999999999999964,
					26.38477631085025
				]
			},
			"faces": {
				"north": {
					"uv": [
						0,
						0,
						0,
						0
					],
					"rotation": 180,
					"texture": "#5"
				},
				"east": {
					"uv": [
						16,
						0,
						0,
						16
					],
					"rotation": 180,
					"texture": "#5"
				},
				"south": {
					"uv": [
						0,
						0,
						0,
						0
					],
					"rotation": 180,
					"texture": "#5"
				},
				"west": {
					"uv": [
						0,
						0,
						16,
						16
					],
					"rotation": 180,
					"texture": "#5"
				},
				"up": {
					"uv": [
						0,
						0,
						0,
						0.10938
					],
					"rotation": 180,
					"texture": "#5"
				},
				"down": {
					"uv": [
						0,
						0,
						0,
						0
					],
					"rotation": 180,
					"texture": "#5"
				}
			}
		},
		{
			"from": [
				7.855902777777779,
				-15.999999999999993,
				2.3847763108502456
			],
			"to": [
				7.855902777777779,
				6,
				24.384776310850253
			],
			"rotation": {
				"angle": 45,
				"axis": "x",
				"origin": [
					8.230902777777779,
					7.9999999999999964,
					26.38477631085025
				]
			},
			"faces": {
				"north": {
					"uv": [
						0,
						0,
						0,
						0
					],
					"rotation": 180,
					"texture": "#5"
				},
				"east": {
					"uv": [
						16,
						0,
						0,
						16
					],
					"rotation": 180,
					"texture": "#5"
				},
				"south": {
					"uv": [
						0,
						0,
						0,
						0
					],
					"rotation": 180,
					"texture": "#5"
				},
				"west": {
					"uv": [
						0,
						0,
						16,
						16
					],
					"rotation": 180,
					"texture": "#5"
				},
				"up": {
					"uv": [
						0,
						0,
						0,
						0.10938
					],
					"rotation": 180,
					"texture": "#5"
				},
				"down": {
					"uv": [
						0,
						0,
						0,
						0
					],
					"rotation": 180,
					"texture": "#5"
				}
			}
		},
		{
			"from": [
				7.887152777777779,
				-15.999999999999993,
				2.3847763108502456
			],
			"to": [
				7.887152777777779,
				6,
				24.384776310850253
			],
			"rotation": {
				"angle": 45,
				"axis": "x",
				"origin": [
					8.262152777777779,
					7.9999999999999964,
					26.38477631085025
				]
			},
			"faces": {
				"north": {
					"uv": [
						0,
						0,
						0,
						0
					],
					"rotation": 180,
					"texture": "#5"
				},
				"east": {
					"uv": [
						16,
						0,
						0,
						16
					],
					"rotation": 180,
					"texture": "#5"
				},
				"south": {
					"uv": [
						0,
						0,
						0,
						0
					],
					"rotation": 180,
					"texture": "#5"
				},
				"west": {
					"uv": [
						0,
						0,
						16,
						16
					],
					"rotation": 180,
					"texture": "#5"
				},
				"up": {
					"uv": [
						0,
						0,
						0,
						0.10938
					],
					"rotation": 180,
					"texture": "#5"
				},
				"down": {
					"uv": [
						0,
						0,
						0,
						0
					],
					"rotation": 180,
					"texture": "#5"
				}
			}
		},
		{
			"from": [
				7.918402777777779,
				-15.999999999999993,
				2.3847763108502456
			],
			"to": [
				7.918402777777779,
				6,
				24.384776310850253
			],
			"rotation": {
				"angle": 45,
				"axis": "x",
				"origin": [
					8.293402777777779,
					7.9999999999999964,
					26.38477631085025
				]
			},
			"faces": {
				"north": {
					"uv": [
						0,
						0,
						0,
						0
					],
					"rotation": 180,
					"texture": "#5"
				},
				"east": {
					"uv": [
						16,
						0,
						0,
						16
					],
					"rotation": 180,
					"texture": "#5"
				},
				"south": {
					"uv": [
						0,
						0,
						0,
						0
					],
					"rotation": 180,
					"texture": "#5"
				},
				"west": {
					"uv": [
						0,
						0,
						16,
						16
					],
					"rotation": 180,
					"texture": "#5"
				},
				"up": {
					"uv": [
						0,
						0,
						0,
						0.10938
					],
					"rotation": 180,
					"texture": "#5"
				},
				"down": {
					"uv": [
						0,
						0,
						0,
						0
					],
					"rotation": 180,
					"texture": "#5"
				}
			}
		},
		{
			"from": [
				7.949652777777779,
				-15.999999999999993,
				2.3847763108502456
			],
			"to": [
				7.949652777777779,
				6,
				24.384776310850253
			],
			"rotation": {
				"angle": 45,
				"axis": "x",
				"origin": [
					8.324652777777779,
					7.9999999999999964,
					26.38477631085025
				]
			},
			"faces": {
				"north": {
					"uv": [
						0,
						0,
						0,
						0
					],