{
	"textures": {
		"7": "animated_java:item/nep_phase3_transition/murky_hand_scythe"
	},
	"elements": [
		{
			"from": [
				8.230902777777779,
				-6,
				5.313708498984752
			],
			"to": [
				8.230902777777779,
				6,
				17.313708498984752
			],
			"rotation": {
				"angle": 45,
				"axis": "x",
				"origin": [
					8.605902777777779,
					8,
					19.313708498984752
				]
			},
			"faces": {
				"north": {
					"uv": [
						0,
						0,
						0,
						0
					],
					"rotation": 180,
					"texture": "#7"
				},
				"east": {
					"uv": [
						16,
						0,
						0,
						16
					],
					"rotation": 180,
					"texture": "#7"
				},
				"south": {
					"uv": [
						0,
						0,
						0,
						0
					],
					"rotation": 180,
					"texture": "#7"
				},
				"west": {
					"uv": [
						0,
						0,
						16,
						16
					],
					"rotation": 180,
					"texture": "#7"
				},
				"up": {
					"uv": [
						0,
						0,
						0,
						0.05469
					],
					"rotation": 180,
					"texture": "#7"
				},
				"down": {
					"uv": [
						0,
						0,
						0,
						0
					],
					"rotation": 180,
					"texture": "#7"
				}
			}
		},
		{
			"from": [
				7.762152777777778,
				-6,
				5.313708498984752
			],
			"to": [
				7.762152777777778,
				6,
				17.313708498984752
			],
			"rotation": {
				"angle": 45,
				"axis": "x",
				"origin": [
					8.137152777777779,
					8,
					19.313708498984752
				]
			},
			"faces": {
				"north": {
					"uv": [
						0,
						0,
						0,
						0
					],
					"rotation": 180,
					"texture": "#7"
				},
				"east": {
					"uv": [
						16,
						0,
						0,
						16
					],
					"rotation": 180,
					"texture": "#7"
				},
				"south": {
					"uv": [
						0,
						0,
						0,
						0
					],
					"rotation": 180,
					"texture": "#7"
				},
				"west": {
					"uv": [
						0,
						0,
						16,
						16
					],
					"rotation": 180,
					"texture": "#7"
				},
				"up": {
					"uv": [
						0,
						0,
						0,
						0.05469
					],
					"rotation": 180,
					"texture": "#7"
				},
				"down": {
					"uv": [
						0,
						0,
						0,
						0
					],
					"rotation": 180,
					"texture": "#7"
				}
			}
		},
		{
			"from": [
				7.793402777777778,
				-6,
				5.313708498984752
			],
			"to": [
				7.793402777777778,
				6,
				17.313708498984752
			],
			"rotation": {
				"angle": 45,
				"axis": "x",
				"origin": [
					8.168402777777779,
					8,
					19.313708498984752
				]
			},
			"faces": {
				"north": {
					"uv": [
						0,
						0,
						0,
						0
					],
					"rotation": 180,
					"texture": "#7"
				},
				"east": {
					"uv": [
						16,
						0,
						0,
						16
					],
					"rotation": 180,
					"texture": "#7"
				},
				"south": {
					"uv": [
						0,
						0,
						0,
						0
					],
					"rotation": 180,
					"texture": "#7"
				},
				"west": {
					"uv": [
						0,
						0,
						16,
						16
					],
					"rotation": 180,
					"texture": "#7"
				},
				"up": {
					"uv": [
						0,
						0,
						0,
						0.05469
					],
					"rotation": 180,
					"texture": "#7"
				},
				"down": {
					"uv": [
						0,
						0,
						0,
						0
					],
					"rotation": 180,
					"texture": "#7"
				}
			}
		},
		{
			"from": [
				7.824652777777778,
				-6,
				5.313708498984752
			],
			"to": [
				7.824652777777778,
				6,
				17.313708498984752
			],
			"rotation": {
				"angle": 45,
				"axis": "x",
				"origin": [
					8.199652777777779,
					8,
					19.313708498984752
				]
			},
			"faces": {
				"north": {
					"uv": [
						0,
						0,
						0,
						0
					],
					"rotation": 180,
					"texture": "#7"
				},
				"east": {
					"uv": [
						16,
						0,
						0,
						16
					],
					"rotation": 180,
					"texture": "#7"
				},
				"south": {
					"uv": [
						0,
						0,
						0,
						0
					],
					"rotation": 180,
					"texture": "#7"
				},
				"west": {
					"uv": [
						0,
						0,
						16,
						16
					],
					"rotation": 180,
					"texture": "#7"
				},
				"up": {
					"uv": [
						0,
						0,
						0,
						0.05469
					],
					"rotation": 180,
					"texture": "#7"
				},
				"down": {
					"uv": [
						0,
						0,
						0,
						0
					],
					"rotation": 180,
					"texture": "#7"
				}
			}
		},
		{
			"from": [
				7.855902777777778,
				-6,
				5.313708498984752
			],
			"to": [
				7.855902777777778,
				6,
				17.313708498984752
			],
			"rotation": {
				"angle": 45,
				"axis": "x",
				"origin": [
					8.230902777777779,
					8,
					19.313708498984752
				]
			},
			"faces": {
				"north": {
					"uv": [
						0,
						0,
						0,
						0
					],
					"rotation": 180,
					"texture": "#7"
				},
				"east": {
					"uv": [
						16,
						0,
						0,
						16
					],
					"rotation": 180,
					"texture": "#7"
				},
				"south": {
					"uv": [
						0,
						0,
						0,
						0
					],
					"rotation": 180,
					"texture": "#7"
				},
				"west": {
					"uv": [
						0,
						0,
						16,
						16
					],
					"rotation": 180,
					"texture": "#7"
				},
				"up": {
					"uv": [
						0,
						0,
						0,
						0.05469
					],
					"rotation": 180,
					"texture": "#7"
				},
				"down": {
					"uv": [
						0,
						0,
						0,
						0
					],
					"rotation": 180,
					"texture": "#7"
				}
			}
		},
		{
			"from": [
				7.887152777777778,
				-6,
				5.313708498984752
			],
			"to": [
				7.887152777777778,
				6,
				17.313708498984752
			],
			"rotation": {
				"angle": 45,
				"axis": "x",
				"origin": [
					8.262152777777779,
					8,
					19.313708498984752
				]
			},
			"faces": {
				"north": {
					"uv": [
						0,
						0,
						0,
						0
					],
					"rotation": 180,
					"texture": "#7"
				},
				"east": {
					"uv": [
						16,
						0,
						0,
						16
					],
					"rotation": 180,
					"texture": "#7"
				},
				"south": {
					"uv": [
						0,
						0,
						0,
						0
					],
					"rotation": 180,
					"texture": "#7"
				},
				"west": {
					"uv": [
						0,
						0,
						16,
						16
					],
					"rotation": 180,
					"texture": "#7"
				},
				"up": {
					"uv": [
						0,
						0,
						0,
						0.05469
					],
					"rotation": 180,
					"texture": "#7"
				},
				"down": {
					"uv": [
						0,
						0,
						0,
						0
					],
					"rotation": 180,
					"texture": "#7"
				}
			}
		},
		{
			"from": [
				7.918402777777778,
				-6,
				5.313708498984752
			],
			"to": [
				7.918402777777778,
				6,
				17.313708498984752
			],
			"rotation": {
				"angle": 45,
				"axis": "x",
				"origin": [
					8.293402777777779,
					8,
					19.313708498984752
				]
			},
			"faces": {
				"north": {
					"uv": [
						0,
						0,
						0,
						0
					],
					"rotation": 180,
					"texture": "#7"
				},
				"east": {
					"uv": [
						16,
						0,
						0,
						16
					],
					"rotation": 180,
					"texture": "#7"
				},
				"south": {
					"uv": [
						0,
						0,
						0,
						0
					],
					"rotation": 180,
					"texture": "#7"
				},
				"west": {
					"uv": [
						0,
						0,
						16,
						16
					],
					"rotation": 180,
					"texture": "#7"
				},
				"up": {
					"uv": [
						0,
						0,
						0,
						0.05469
					],
					"rotation": 180,
					"texture": "#7"
				},
				"down": {
					"uv": [
						0,
						0,
						0,
						0
					],
					"rotation": 180,
					"texture": "#7"
				}
			}
		},
		{
			"from": [
				7.949652777777778,
				-6,
				5.313708498984752
			],
			"to": [
				7.949652777777778,
				6,
				17.313708498984752
			],
			"rotation": {
				"angle": 45,
				"axis": "x",
				"origin": [
					8.324652777777779,
					8,
					19.313708498984752
				]
			},
			"faces": {
				"north": {
					"uv": [
						0,
						0,
						0,
						0
					],
					"rotation": 180,
					"texture": "#7"
				},
				"east": {
					"uv": [
						16,
						0,
						0,
						16
					],
					"rotation": 180,
					"texture": "#7"
				},
				"south": {
					"uv": [
						0,
						0,
						0,
						0
					],
					"rotation": 180,
					"texture": "#7"
				},