{
	"textures": {
		"9": "championsashes:item/pontiff_knight_curved_sword"
	},
	"elements": [
		{
			"from": [
				8.230902777777782,
				-2.0000000000000036,
				0.8284271247461952
			],
			"to": [
				8.230902777777782,
				13.999999999999993,
				16.828427124746195
			],
			"rotation": {
				"angle": 45,
				"axis": "x",
				"origin": [
					7.996527777777782,
					8,
					10.8284271247462
				]
			},
			"faces": {
				"north": {
					"uv": [
						0,
						0,
						0,
						0
					],
					"rotation": 180,
					"texture": "#9"
				},
				"east": {
					"uv": [
						16,
						0,
						0,
						16
					],
					"rotation": 180,
					"texture": "#9"
				},
				"south": {
					"uv": [
						0,
						0,
						0,
						0
					],
					"rotation": 180,
					"texture": "#9"
				},
				"west": {
					"uv": [
						0,
						0,
						16,
						16
					],
					"rotation": 180,
					"texture": "#9"
				},
				"up": {
					"uv": [
						0,
						0,
						0,
						0.05469
					],
					"rotation": 180,
					"texture": "#9"
				},
				"down": {
					"uv": [
						0,
						0,
						0,
						0
					],
					"rotation": 180,
					"texture": "#9"
				}
			}
		},
		{
			"from": [
				7.762152777777782,
				-2.0000000000000036,
				0.8284271247461952
			],
			"to": [
				7.762152777777782,
				13.999999999999993,
				16.828427124746195
			],
			"rotation": {
				"angle": 45,
				"axis": "x",
				"origin": [
					7.996527777777782,
					8,
					10.8284271247462
				]
			},
			"faces": {
				"north": {
					"uv": [
						0,
						0,
						0,
						0
					],
					"rotation": 180,
					"texture": "#9"
				},
				"east": {
					"uv": [
						16,
						0,
						0,
						16
					],
					"rotation": 180,
					"texture": "#9"
				},
				"south": {
					"uv": [
						0,
						0,
						0,
						0
					],
					"rotation": 180,
					"texture": "#9"
				},
				"west": {
					"uv": [
						0,
						0,
						16,
						16
					],
					"rotation": 180,
					"texture": "#9"
				},
				"up": {
					"uv": [
						0,
						0,
						0,
						0.05469
					],
					"rotation": 180,
					"texture": "#9"
				},
				"down": {
					"uv": [
						0,
						0,
						0,
						0
					],
					"rotation": 180,
					"texture": "#9"
				}
			}
		},
		{
			"from": [
				7.793402777777782,
				-2.0000000000000036,
				0.8284271247461952
			],
			"to": [
				7.793402777777782,
				13.999999999999993,
				16.828427124746195
			],
			"rotation": {
				"angle": 45,
				"axis": "x",
				"origin": [
					7.996527777777782,
					8,
					10.8284271247462
				]
			},
			"faces": {
				"north": {
					"uv": [
						0,
						0,
						0,
						0
					],
					"rotation": 180,
					"texture": "#9"
				},
				"east": {
					"uv": [
						16,
						0,
						0,
						16
					],
					"rotation": 180,
					"texture": "#9"
				},
				"south": {
					"uv": [
						0,
						0,
						0,
						0
					],
					"rotation": 180,
					"texture": "#9"
				},
				"west": {
					"uv": [
						0,
						0,
						16,
						16
					],
					"rotation": 180,
					"texture": "#9"
				},
				"up": {
					"uv": [
						0,
						0,
						0,
						0.05469
					],
					"rotation": 180,
					"texture": "#9"
				},
				"down": {
					"uv": [
						0,
						0,
						0,
						0
					],
					"rotation": 180,
					"texture": "#9"
				}
			}
		},
		{
			"from": [
				7.824652777777782,
				-2.0000000000000036,
				0.8284271247461952
			],
			"to": [
				7.824652777777782,
				13.999999999999993,
				16.828427124746195
			],
			"rotation": {
				"angle": 45,
				"axis": "x",
				"origin": [
					7.996527777777782,
					8,
					10.8284271247462
				]
			},
			"faces": {
				"north": {
					"uv": [
						0,
						0,
						0,
						0
					],
					"rotation": 180,
					"texture": "#9"
				},
				"east": {
					"uv": [
						16,
						0,
						0,
						16
					],
					"rotation": 180,
					"texture": "#9"
				},
				"south": {
					"uv": [
						0,
						0,
						0,
						0
					],
					"rotation": 180,
					"texture": "#9"
				},
				"west": {
					"uv": [
						0,
						0,
						16,
						16
					],
					"rotation": 180,
					"texture": "#9"
				},
				"up": {
					"uv": [
						0,
						0,
						0,
						0.05469
					],
					"rotation": 180,
					"texture": "#9"
				},
				"down": {
					"uv": [
						0,
						0,
						0,
						0
					],
					"rotation": 180,
					"texture": "#9"
				}
			}
		},
		{
			"from": [
				7.855902777777782,
				-2.0000000000000036,
				0.8284271247461952
			],
			"to": [
				7.855902777777782,
				13.999999999999993,
				16.828427124746195
			],
			"rotation": {
				"angle": 45,
				"axis": "x",
				"origin": [
					7.996527777777782,
					8,
					10.8284271247462
				]
			},
			"faces": {
				"north": {
					"uv": [
						0,
						0,
						0,
						0
					],
					"rotation": 180,
					"texture": "#9"
				},
				"east": {
					"uv": [
						16,
						0,
						0,
						16
					],
					"rotation": 180,
					"texture": "#9"
				},
				"south": {
					"uv": [
						0,
						0,
						0,
						0
					],
					"rotation": 180,
					"texture": "#9"
				},
				"west": {
					"uv": [
						0,
						0,
						16,
						16
					],
					"rotation": 180,
					"texture": "#9"
				},
				"up": {
					"uv": [
						0,
						0,
						0,
						0.05469
					],
					"rotation": 180,
					"texture": "#9"
				},
				"down": {
					"uv": [
						0,
						0,
						0,
						0
					],
					"rotation": 180,
					"texture": "#9"
				}
			}
		},
		{
			"from": [
				7.887152777777782,
				-2.0000000000000036,
				0.8284271247461952
			],
			"to": [
				7.887152777777782,
				13.999999999999993,
				16.828427124746195
			],
			"rotation": {
				"angle": 45,
				"axis": "x",
				"origin": [
					7.996527777777782,
					8,
					10.8284271247462
				]
			},
			"faces": {
				"north": {
					"uv": [
						0,
						0,
						0,
						0
					],
					"rotation": 180,
					"texture": "#9"
				},
				"east": {
					"uv": [
						16,
						0,
						0,
						16
					],
					"rotation": 180,
					"texture": "#9"
				},
				"south": {
					"uv": [
						0,
						0,
						0,
						0
					],
					"rotation": 180,
					"texture": "#9"
				},
				"west": {
					"uv": [
						0,
						0,
						16,
						16
					],
					"rotation": 180,
					"texture": "#9"
				},
				"up": {
					"uv": [
						0,
						0,
						0,
						0.05469
					],
					"rotation": 180,
					"texture": "#9"
				},
				"down": {
					"uv": [
						0,
						0,
						0,
						0
					],
					"rotation": 180,
					"texture": "#9"
				}
			}
		},
		{
			"from": [
				7.918402777777782,
				-2.0000000000000036,
				0.8284271247461952
			],
			"to": [
				7.918402777777782,
				13.999999999999993,
				16.828427124746195
			],
			"rotation": {
				"angle": 45,
				"axis": "x",
				"origin": [
					7.996527777777782,
					8,
					10.8284271247462
				]
			},
			"faces": {
				"north": {
					"uv": [
						0,
						0,
						0,
						0
					],
					"rotation": 180,
					"texture": "#9"
				},
				"east": {
					"uv": [
						16,
						0,
						0,
						16
					],
					"rotation": 180,
					"texture": "#9"
				},
				"south": {
					"uv": [
						0,
						0,
						0,
						0
					],
					"rotation": 180,
					"texture": "#9"
				},
				"west": {
					"uv": [
						0,
						0,
						16,
						16
					],
					"rotation": 180,
					"texture": "#9"
				},
				"up": {
					"uv": [
						0,
						0,
						0,
						0.05469
					],
					"rotation": 180,
					"texture": "#9"
				},
				"down": {
					"uv": [
						0,
						0,
						0,
						0
					],
					"rotation": 180,
					"texture": "#9"
				}
			}
		},
		{
			"from": [
				7.949652777777782,
				-2.0000000000000036,
				0.8284271247461952
			],
			"to": [
				7.949652777777782,
				13.999999999999993,
				16.828427124746195
			],
			"rotation": {
				"angle": 45,
				"axis": "x",
				"origin": [
					7.996527777777782,
					8,
					10.8284271247462
				]
			},
			"faces": {
				"north": {
					"uv": [
						0,
						0,
						0,
						0
					],
					"rotation": 180,