{
	"textures": {
		"4": "animated_java:item/nep_phase3_transition/splitleaf"
	},
	"elements": [
		{
			"from": [
				7.890151515151515,
				-7.272727272727256,
				-2.644391977688052
			],
			"to": [
				7.890151515151515,
				16.72727272727274,
				21.355608022311944
			],
			"rotation": {
				"angle": 45,
				"axis": "x",
				"origin": [
					7.890151515151515,
					8,
					12.62833529503922
				]
			},
			"faces": {
				"north": {
					"uv": [
						0,
						0,
						0,
						16
					],
					"texture": "#4"
				},
				"east": {
					"uv": [
						0,
						0,
						16,
						16
					],
					"rotation": 270,
					"texture": "#4"
				},
				"south": {
					"uv": [
						0,
						0,
						0,
						16
					],
					"rotation": 180,
					"texture": "#4"
				},
				"west": {
					"uv": [
						16,
						0,
						0,
						16
					],
					"rotation": 90,
					"texture": "#4"
				},
				"up": {
					"uv": [
						0,
						0,
						0,
						10
					],
					"rotation": 180,
					"texture": "#4"
				},
				"down": {
					"uv": [
						0,
						0,
						0,
						10
					],
					"texture": "#4"
				}
			}
		},
		{
			"from": [
				7.90719696969697,
				-7.272727272727256,
				-2.644391977688052
			],
			"to": [
				7.90719696969697,
				16.72727272727274,
				21.355608022311944
			],
			"rotation": {
				"angle": 45,
				"axis": "x",
				"origin": [
					7.90719696969697,
					8,
					12.62833529503922
				]
			},
			"faces": {
				"north": {
					"uv": [
						0,
						0,
						0,
						16
					],
					"texture": "#4"
				},
				"east": {
					"uv": [
						0,
						0,
						16,
						16
					],
					"rotation": 270,
					"texture": "#4"
				},
				"south": {
					"uv": [
						0,
						0,
						0,
						16
					],
					"rotation": 180,
					"texture": "#4"
				},
				"west": {
					"uv": [
						16,
						0,
						0,
						16
					],
					"rotation": 90,
					"texture": "#4"
				},
				"up": {
					"uv": [
						0,
						0,
						0,
						10
					],
					"rotation": 180,
					"texture": "#4"
				},
				"down": {
					"uv": [
						0,
						0,
						0,
						10
					],
					"texture": "#4"
				}
			}
		},
		{
			"from": [
				7.958333333333333,
				-7.272727272727256,
				-2.644391977688052
			],
			"to": [
				7.958333333333333,
				16.72727272727274,
				21.355608022311944
			],
			"rotation": {
				"angle": 45,
				"axis": "x",
				"origin": [
					7.958333333333333,
					8,
					12.62833529503922
				]
			},
			"faces": {
				"north": {
					"uv": [
						0,
						0,
						0,
						16
					],
					"texture": "#4"
				},
				"east": {
					"uv": [
						0,
						0,
						16,
						16
					],
					"rotation": 270,
					"texture": "#4"
				},
				"south": {
					"uv": [
						0,
						0,
						0,
						16
					],
					"rotation": 180,
					"texture": "#4"
				},
				"west": {
					"uv": [
						16,
						0,
						0,
						16
					],
					"rotation": 90,
					"texture": "#4"
				},
				"up": {
					"uv": [
						0,
						0,
						0,
						10
					],
					"rotation": 180,
					"texture": "#4"
				},
				"down": {
					"uv": [
						0,
						0,
						0,
						10
					],
					"texture": "#4"
				}
			}
		},
		{
			"from": [
				7.975378787878785,
				-7.272727272727256,
				-2.644391977688052
			],
			"to": [
				7.975378787878785,
				16.72727272727274,
				21.355608022311944
			],
			"rotation": {
				"angle": 45,
				"axis": "x",
				"origin": [
					7.975378787878785,
					8,
					12.62833529503922
				]
			},
			"faces": {
				"north": {
					"uv": [
						0,
						0,
						0,
						16
					],
					"texture": "#4"
				},
				"east": {
					"uv": [
						0,
						0,
						16,
						16
					],
					"rotation": 270,
					"texture": "#4"
				},
				"south": {
					"uv": [
						0,
						0,
						0,
						16
					],
					"rotation": 180,
					"texture": "#4"
				},
				"west": {
					"uv": [
						16,
						0,
						0,
						16
					],
					"rotation": 90,
					"texture": "#4"
				},
				"up": {
					"uv": [
						0,
						0,
						0,
						10
					],
					"rotation": 180,
					"texture": "#4"
				},
				"down": {
					"uv": [
						0,
						0,
						0,
						10
					],
					"texture": "#4"
				}
			}
		},
		{
			"from": [
				7.99242424242424,
				-7.272727272727256,
				-2.644391977688052
			],
			"to": [
				7.99242424242424,
				16.72727272727274,
				21.355608022311944
			],
			"rotation": {
				"angle": 45,
				"axis": "x",
				"origin": [
					7.99242424242424,
					8,
					12.62833529503922
				]
			},
			"faces": {
				"north": {
					"uv": [
						0,
						0,
						0,
						16
					],
					"texture": "#4"
				},
				"east": {
					"uv": [
						0,
						0,
						16,
						16
					],
					"rotation": 270,
					"texture": "#4"
				},
				"south": {
					"uv": [
						0,
						0,
						0,
						16
					],
					"rotation": 180,
					"texture": "#4"
				},
				"west": {
					"uv": [
						16,
						0,
						0,
						16
					],
					"rotation": 90,
					"texture": "#4"
				},
				"up": {
					"uv": [
						0,
						0,
						0,
						10
					],
					"rotation": 180,
					"texture": "#4"
				},
				"down": {
					"uv": [
						0,
						0,
						0,
						10
					],
					"texture": "#4"
				}
			}
		},
		{
			"from": [
				8.009469696969695,
				-7.272727272727256,
				-2.644391977688052
			],
			"to": [
				8.009469696969695,
				16.72727272727274,
				21.355608022311944
			],
			"rotation": {
				"angle": 45,
				"axis": "x",
				"origin": [
					8.009469696969695,
					8,
					12.62833529503922
				]
			},
			"faces": {
				"north": {
					"uv": [
						0,
						0,
						0,
						16
					],
					"texture": "#4"
				},
				"east": {
					"uv": [
						0,
						0,
						16,
						16
					],
					"rotation": 270,
					"texture": "#4"
				},
				"south": {
					"uv": [
						0,
						0,
						0,
						16
					],
					"rotation": 180,
					"texture": "#4"
				},
				"west": {
					"uv": [
						16,
						0,
						0,
						16
					],
					"rotation": 90,
					"texture": "#4"
				},
				"up": {
					"uv": [
						0,
						0,
						0,
						10
					],
					"rotation": 180,
					"texture": "#4"
				},
				"down": {
					"uv": [
						0,
						0,
						0,
						10
					],
					"texture": "#4"
				}
			}
		},
		{
			"from": [
				8.043560606060604,
				-7.272727272727256,
				-2.644391977688052
			],
			"to": [
				8.043560606060604,
				16.72727272727274,
				21.355608022311944
			],
			"rotation": {
				"angle": 45,
				"axis": "x",
				"origin": [
					8.043560606060604,
					8,
					12.62833529503922
				]
			},
			"faces": {
				"north": {
					"uv": [
						0,
						0,
						0,
						16
					],
					"texture": "#4"
				},
				"east": {
					"uv": [
						0,
						0,
						16,
						16
					],
					"rotation": 270,
					"texture": "#4"
				},
				"south": {
					"uv": [
						0,
						0,
						0,
						16
					],
					"rotation": 180,
					"texture": "#4"
				},
				"west": {
					"uv": [
						16,
						0,
						0,
						16
					],
					"rotation": 90,
					"texture": "#4"
				},
				"up": {
					"uv": [
						0,
						0,
						0,
						10
					],
					"rotation": 180,
					"texture": "#4"
				},
				"down": {
					"uv": [
						0,
						0,
						0,
						10
					],
					"texture": "#4"
				}
			}
		},
		{
			"from": [
				8.094696969696969,
				-7.272727272727256,
				-2.644391977688052
			],
			"to": [
				8.094696969696969,
				16.72727272727274,
				21.355608022311944
			],
			"rotation": {
				"angle": 45,
				"axis": "x",
				"origin": [
					8.094696969696969,
					8,
					12.62833529503922
				]
			},
			"faces": {
				"north": {
					"uv": [
						0,
						0,
						0,
						16
					],
					"texture": "#4"
				},
				"east": {
					"uv": [
						0,
						0,
						16,
						16
					],
					"rotation": 270,
					"texture": "#4"
				},
				"south": {
					"uv": [
						0,
						0,
						0,
						16
					],
					"rotation": 180,
					"texture": "#4"
				},
				"west": {
					"uv": [
						16,
						0,
						0,
						16
					],
					"rotation": 90,