{
	"textures": {
		"1": "animated_java:item/steel_caller/ledo_slash"
	},
	"elements": [
		{
			"from": [
				8.193548387096774,
				-11.741935483870968,
				8
			],
			"to": [
				24.064516129032256,
				12.258064516129032,
				8
			],
			"rotation": {
				"angle": 0,
				"axis": "y",
				"origin": [
					16.129032258064516,
					4.129032258064516,
					8
				]
			},
			"faces": {
				"north": {
					"uv": [
						16,
						16,
						0,
						0
					],
					"rotation": 90,
					"texture": "#1"
				},
				"east": {
					"uv": [
						0,
						0,
						4,
						0
					],
					"rotation": 270,
					"texture": "#1"
				},
				"south": {
					"uv": [
						0,
						16,
						16,
						0
					],
					"rotation": 270,
					"texture": "#1"
				},
				"west": {
					"uv": [
						0,
						0,
						4,
						0
					],
					"rotation": 270,
					"texture": "#1"
				},
				"up": {
					"uv": [
						0,
						0,
						0,
						5.125
					],
					"rotation": 270,
					"texture": "#1"
				},
				"down": {
					"uv": [
						0,
						0,
						0,
						5.125
					],
					"rotation": 270,
					"texture": "#1"
				}
			}
		}
	],
	"display": {
		"head": {
			"rotation": [
				0,
				180,
				0
			]
		}
	}
}